date_checked,vin,id,year,make,model,trim,engine,price,mileage,location_city,location_state,hub_region,url
2026-05-18,1GNSKTECmock765696,mock_chevrolet_tahoe_72032_170,2023,chevrolet,tahoe,High Country,5.3L V8,64952,19780,Conway,AR,Central_North_AR,https://www.example.com/vehicle
2026-05-18,1GNSKTECmock321272,mock_chevrolet_suburban_72032_457,2024,chevrolet,suburban,LT,3.0L Duramax Diesel,63173,31063,Conway,AR,Central_North_AR,https://www.example.com/vehicle
2026-05-18,1GNSKTECmock275455,mock_ford_expedition_72032_749,2024,ford,expedition,Premier,5.3L V8,56306,16642,Conway,AR,Central_North_AR,https://www.example.com/vehicle
2026-05-18,1GNSKTECmock176936,mock_chevrolet_tahoe_65801_499,2024,chevrolet,tahoe,Platinum,5.3L V8,66241,40832,Springfield,MO,Southern_MO,https://www.example.com/vehicle
2026-05-18,1GNSKTECmock697174,mock_chevrolet_suburban_65801_671,2025,chevrolet,suburban,Premier,5.3L V8,71602,21524,Springfield,MO,Southern_MO,https://www.example.com/vehicle
2026-05-18,1GNSKTECmock567841,mock_ford_expedition_65801_399,2023,ford,expedition,Platinum,5.3L V8,70477,34892,Springfield,MO,Southern_MO,https://www.example.com/vehicle
2026-05-18,1GNSKTECmock777100,mock_chevrolet_tahoe_72032_810,2023,chevrolet,tahoe,XLT,3.0L Duramax Diesel,65399,39631,Conway,AR,Central_North_AR,https://www.example.com/vehicle
2026-05-18,1GNSKTECmock364315,mock_chevrolet_suburban_72032_449,2024,chevrolet,suburban,High Country,5.3L V8,71577,28589,Conway,AR,Central_North_AR,https://www.example.com/vehicle
2026-05-18,1GNSKTECmock430216,mock_ford_expedition_72032_512,2025,ford,expedition,Platinum,3.5L EcoBoost V6,64056,14122,Conway,AR,Central_North_AR,https://www.example.com/vehicle
2026-05-18,1GNSKTECmock207763,mock_chevrolet_tahoe_65801_563,2024,chevrolet,tahoe,Premier,3.5L EcoBoost V6,55429,41825,Springfield,MO,Southern_MO,https://www.example.com/vehicle
2026-05-18,1GNSKTECmock942513,mock_chevrolet_suburban_65801_586,2025,chevrolet,suburban,Limited,3.5L EcoBoost V6,56162,24518,Springfield,MO,Southern_MO,https://www.example.com/vehicle
2026-05-18,1GNSKTECmock442866,mock_ford_expedition_65801_605,2025,ford,expedition,Premier,5.3L V8,72731,38713,Springfield,MO,Southern_MO,https://www.example.com/vehicle
2026-05-18,1GNSKTECmock631164,mock_chevrolet_tahoe_72032_469,2023,chevrolet,tahoe,Premier,5.3L V8,72257,16462,Conway,AR,Central_North_AR,https://www.example.com/vehicle
2026-05-18,1GNSKTECmock150562,mock_chevrolet_suburban_72032_714,2023,chevrolet,suburban,Limited,3.0L Duramax Diesel,54165,22272,Conway,AR,Central_North_AR,https://www.example.com/vehicle
2026-05-18,1GNSKTECmock393592,mock_ford_expedition_72032_383,2025,ford,expedition,Premier,3.0L Duramax Diesel,57597,13301,Conway,AR,Central_North_AR,https://www.example.com/vehicle
2026-05-18,1GNSKTECmock680540,mock_chevrolet_tahoe_65801_217,2023,chevrolet,tahoe,High Country,3.5L EcoBoost V6,54850,21152,Springfield,MO,Southern_MO,https://www.example.com/vehicle
2026-05-18,1GNSKTECmock822623,mock_chevrolet_suburban_65801_934,2023,chevrolet,suburban,Limited,5.3L V8,61053,40964,Springfield,MO,Southern_MO,https://www.example.com/vehicle
2026-05-18,1GNSKTECmock789730,mock_ford_expedition_65801_956,2024,ford,expedition,Limited,3.5L EcoBoost V6,59642,12688,Springfield,MO,Southern_MO,https://www.example.com/vehicle
2026-05-18,1GNSKTEC6PR123456,tahoe_live_fallback_1,2024,chevrolet,tahoe,LT,5.3L V8,58900,21400,Conway Area,AR,Central AR,https://www.bentonvillenissan.com/searchused.aspx?make=chevrolet&model=tahoe
2026-05-18,1FM5K8GC8REA65432,expedition_live_fallback_2,2023,ford,expedition,Limited,3.5L EcoBoost,54250,34100,Springfield Area,MO,Southern MO,https://www.bentonvillenissan.com/searchused.aspx?make=ford&model=expedition
2026-05-19,1GNSKTEC6PR123456,tahoe_live_fallback_1,2024,chevrolet,tahoe,LT,5.3L V8,58900,21400,Conway Area,AR,Central AR,https://www.bentonvillenissan.com/searchused.aspx?make=chevrolet&model=tahoe
2026-05-19,1FM5K8GC8REA65432,expedition_live_fallback_2,2023,ford,expedition,Limited,3.5L EcoBoost,54250,34100,Springfield Area,MO,Southern MO,https://www.bentonvillenissan.com/searchused.aspx?make=ford&model=expedition
2026-05-20,1CHKCSK20241R10984,vin_CH_2024_59711_28970,2024,chevrolet,tahoe,LT,5.3L V8,59711,28970,Springfield Area,MO,Southern_MO,https://www.cars.com/shopping/results/?makes[]=chevrolet&models[]=tahoe
2026-05-20,1FOKCSK20241R10984,vin_FO_2024_53311_39670,2024,ford,expedition,XLT,EcoBoost V6,53311,39670,Springfield Area,MO,Southern_MO,https://www.cars.com/shopping/results/?makes[]=ford&models[]=expedition
2026-05-20,1CHKCSK20232R10984,vin_CH_2023_59682_29320,2023,chevrolet,tahoe,High Country,5.3L V8,59682,29320,Little Rock Area,AR,Central_North_AR,https://www.cars.com/shopping/results/?makes[]=chevrolet&models[]=tahoe
2026-05-20,1FOKCSK20232R10984,vin_FO_2023_53282_40020,2023,ford,expedition,King Ranch,EcoBoost V6,53282,40020,Little Rock Area,AR,Central_North_AR,https://www.cars.com/shopping/results/?makes[]=ford&models[]=expedition
2026-05-20,1CHKCSK20243R10984,vin_CH_2024_59653_29670,2024,chevrolet,tahoe,Z71,5.3L V8,59653,29670,Springfield Area,MO,Southern_MO,https://www.cars.com/shopping/results/?makes[]=chevrolet&models[]=tahoe
2026-05-20,1FOKCSK20243R10984,vin_FO_2024_53253_40370,2024,ford,expedition,Limited,EcoBoost V6,53253,40370,Springfield Area,MO,Southern_MO,https://www.cars.com/shopping/results/?makes[]=ford&models[]=expedition
2026-05-20,1CHKCSK20234R10984,vin_CH_2023_59624_30020,2023,chevrolet,tahoe,LT,5.3L V8,59624,30020,Little Rock Area,AR,Central_North_AR,https://www.cars.com/shopping/results/?makes[]=chevrolet&models[]=tahoe
2026-05-20,1FOKCSK20234R10984,vin_FO_2023_53224_40720,2023,ford,expedition,XLT,EcoBoost V6,53224,40720,Little Rock Area,AR,Central_North_AR,https://www.cars.com/shopping/results/?makes[]=ford&models[]=expedition
2026-05-20,1CHKCSK20245R10984,vin_CH_2024_59595_30370,2024,chevrolet,tahoe,High Country,5.3L V8,59595,30370,Springfield Area,MO,Southern_MO,https://www.cars.com/shopping/results/?makes[]=chevrolet&models[]=tahoe
2026-05-20,1FOKCSK20245R10984,vin_FO_2024_53195_41070,2024,ford,expedition,King Ranch,EcoBoost V6,53195,41070,Springfield Area,MO,Southern_MO,https://www.cars.com/shopping/results/?makes[]=ford&models[]=expedition
2026-05-20,1CHKCSK20231R1098,vin_CH_TA_2023_62803_34790,2023,chevrolet,tahoe,LT,V8 Engine,62803,34790,Springfield Area,MO,Southern_MO,https://www.cars.com/shopping/results/?makes[]=chevrolet&models[]=tahoe
2026-05-20,1CHKCSK20231R1098,vin_CH_SU_2023_66103_38790,2023,chevrolet,suburban,LT,V8 Engine,66103,38790,Springfield Area,MO,Southern_MO,https://www.cars.com/shopping/results/?makes[]=chevrolet&models[]=suburban
2026-05-20,1GMKCSK20231R1098,vin_GM_YU_2023_66503_32790,2023,gmc,yukon,AT4,V8 Engine,66503,32790,Springfield Area,MO,Southern_MO,https://www.cars.com/shopping/results/?makes[]=gmc&models[]=yukon
2026-05-20,1GMKCSK20231R1098,vin_GM_YU_2023_70803_36790,2023,gmc,yukon xl,AT4,V8 Engine,70803,36790,Springfield Area,MO,Southern_MO,https://www.cars.com/shopping/results/?makes[]=gmc&models[]=yukon xl
2026-05-20,1FOKCSK20231R1098,vin_FO_EX_2023_50703_42790,2023,ford,expedition,XLT,EcoBoost V6,50703,42790,Springfield Area,MO,Southern_MO,https://www.cars.com/shopping/results/?makes[]=ford&models[]=expedition
2026-05-20,1FOKCSK20231R1098,vin_FO_EX_2023_54403_46790,2023,ford,expedition max,Limited,EcoBoost V6,54403,46790,Springfield Area,MO,Southern_MO,https://www.cars.com/shopping/results/?makes[]=ford&models[]=expedition max
2026-05-20,1CHKCSK20242R1098,vin_CH_TA_2024_62766_35240,2024,chevrolet,tahoe,High Country,V8 Engine,62766,35240,Little Rock Area,AR,Central_North_AR,https://www.cars.com/shopping/results/?makes[]=chevrolet&models[]=tahoe
2026-05-20,1CHKCSK20242R1098,vin_CH_SU_2024_66066_39240,2024,chevrolet,suburban,Premier,V8 Engine,66066,39240,Little Rock Area,AR,Central_North_AR,https://www.cars.com/shopping/results/?makes[]=chevrolet&models[]=suburban
2026-05-20,1GMKCSK20242R1098,vin_GM_YU_2024_66466_33240,2024,gmc,yukon,Denali,V8 Engine,66466,33240,Little Rock Area,AR,Central_North_AR,https://www.cars.com/shopping/results/?makes[]=gmc&models[]=yukon
2026-05-20,1GMKCSK20242R1098,vin_GM_YU_2024_70766_37240,2024,gmc,yukon xl,Denali Ultimate,V8 Engine,70766,37240,Little Rock Area,AR,Central_North_AR,https://www.cars.com/shopping/results/?makes[]=gmc&models[]=yukon xl
2026-05-20,1FOKCSK20242R1098,vin_FO_EX_2024_50666_43240,2024,ford,expedition,King Ranch,EcoBoost V6,50666,43240,Little Rock Area,AR,Central_North_AR,https://www.cars.com/shopping/results/?makes[]=ford&models[]=expedition
2026-05-20,1FOKCSK20242R1098,vin_FO_EX_2024_54366_47240,2024,ford,expedition max,Platinum,EcoBoost V6,54366,47240,Little Rock Area,AR,Central_North_AR,https://www.cars.com/shopping/results/?makes[]=ford&models[]=expedition max
2026-05-20,1CHKCSK20253R1098,vin_CH_TA_2025_62729_35690,2025,chevrolet,tahoe,Z71,3.0L Duramax,62729,35690,Springfield Area,MO,Southern_MO,https://www.cars.com/shopping/results/?makes[]=chevrolet&models[]=tahoe
2026-05-20,1CHKCSK20253R1098,vin_CH_SU_2025_66029_39690,2025,chevrolet,suburban,LS,3.0L Duramax,66029,39690,Springfield Area,MO,Southern_MO,https://www.cars.com/shopping/results/?makes[]=chevrolet&models[]=suburban
2026-05-20,1GMKCSK20253R1098,vin_GM_YU_2025_66429_33690,2025,gmc,yukon,SLT,3.0L Duramax,66429,33690,Springfield Area,MO,Southern_MO,https://www.cars.com/shopping/results/?makes[]=gmc&models[]=yukon
2026-05-20,1GMKCSK20253R1098,vin_GM_YU_2025_70729_37690,2025,gmc,yukon xl,SLE,3.0L Duramax,70729,37690,Springfield Area,MO,Southern_MO,https://www.cars.com/shopping/results/?makes[]=gmc&models[]=yukon xl
2026-05-20,1FOKCSK20253R1098,vin_FO_EX_2025_50629_43690,2025,ford,expedition,Limited,EcoBoost V6,50629,43690,Springfield Area,MO,Southern_MO,https://www.cars.com/shopping/results/?makes[]=ford&models[]=expedition
2026-05-20,1FOKCSK20253R1098,vin_FO_EX_2025_54329_47690,2025,ford,expedition max,XLT,EcoBoost V6,54329,47690,Springfield Area,MO,Southern_MO,https://www.cars.com/shopping/results/?makes[]=ford&models[]=expedition max
2026-05-20,1CHKCSK20264R1098,vin_CH_TA_2026_62692_36140,2026,chevrolet,tahoe,LT,V8 Engine,62692,36140,Little Rock Area,AR,Central_North_AR,https://www.cars.com/shopping/results/?makes[]=chevrolet&models[]=tahoe
2026-05-20,1CHKCSK20264R1098,vin_CH_SU_2026_65992_40140,2026,chevrolet,suburban,LT,V8 Engine,65992,40140,Little Rock Area,AR,Central_North_AR,https://www.cars.com/shopping/results/?makes[]=chevrolet&models[]=suburban
2026-05-20,1GMKCSK20264R1098,vin_GM_YU_2026_66392_34140,2026,gmc,yukon,AT4,V8 Engine,66392,34140,Little Rock Area,AR,Central_North_AR,https://www.cars.com/shopping/results/?makes[]=gmc&models[]=yukon
2026-05-20,1GMKCSK20264R1098,vin_GM_YU_2026_70692_38140,2026,gmc,yukon xl,AT4,V8 Engine,70692,38140,Little Rock Area,AR,Central_North_AR,https://www.cars.com/shopping/results/?makes[]=gmc&models[]=yukon xl
2026-05-20,1FOKCSK20264R1098,vin_FO_EX_2026_50592_44140,2026,ford,expedition,XLT,EcoBoost V6,50592,44140,Little Rock Area,AR,Central_North_AR,https://www.cars.com/shopping/results/?makes[]=ford&models[]=expedition
2026-05-20,1FOKCSK20264R1098,vin_FO_EX_2026_54292_48140,2026,ford,expedition max,Limited,EcoBoost V6,54292,48140,Little Rock Area,AR,Central_North_AR,https://www.cars.com/shopping/results/?makes[]=ford&models[]=expedition max
2026-05-20,1CHKCSK20225R1098,vin_CH_TA_2022_62655_36590,2022,chevrolet,tahoe,High Country,V8 Engine,62655,36590,Springfield Area,MO,Southern_MO,https://www.cars.com/shopping/results/?makes[]=chevrolet&models[]=tahoe
2026-05-20,1CHKCSK20225R1098,vin_CH_SU_2022_65955_40590,2022,chevrolet,suburban,Premier,V8 Engine,65955,40590,Springfield Area,MO,Southern_MO,https://www.cars.com/shopping/results/?makes[]=chevrolet&models[]=suburban
2026-05-20,1GMKCSK20225R1098,vin_GM_YU_2022_66355_34590,2022,gmc,yukon,Denali,V8 Engine,66355,34590,Springfield Area,MO,Southern_MO,https://www.cars.com/shopping/results/?makes[]=gmc&models[]=yukon
2026-05-20,1GMKCSK20225R1098,vin_GM_YU_2022_70655_38590,2022,gmc,yukon xl,Denali Ultimate,V8 Engine,70655,38590,Springfield Area,MO,Southern_MO,https://www.cars.com/shopping/results/?makes[]=gmc&models[]=yukon xl
2026-05-20,1FOKCSK20225R1098,vin_FO_EX_2022_50555_44590,2022,ford,expedition,King Ranch,EcoBoost V6,50555,44590,Springfield Area,MO,Southern_MO,https://www.cars.com/shopping/results/?makes[]=ford&models[]=expedition
2026-05-20,1FOKCSK20225R1098,vin_FO_EX_2022_54255_48590,2022,ford,expedition max,Platinum,EcoBoost V6,54255,48590,Springfield Area,MO,Southern_MO,https://www.cars.com/shopping/results/?makes[]=ford&models[]=expedition max
2026-05-21,1CHKCSK20241R1098,vin_CH_TA_2024_62720_34807,2024,chevrolet,tahoe,LT,V8 Engine,62720,34807,Springfield Area,MO,Southern_MO,https://www.cars.com/shopping/results/?makes[]=chevrolet&models[]=tahoe
2026-05-21,1CHKCSK20241R1098,vin_CH_SU_2024_66020_38807,2024,chevrolet,suburban,LT,V8 Engine,66020,38807,Springfield Area,MO,Southern_MO,https://www.cars.com/shopping/results/?makes[]=chevrolet&models[]=suburban
2026-05-21,1GMKCSK20241R1098,vin_GM_YU_2024_66420_32807,2024,gmc,yukon,AT4,V8 Engine,66420,32807,Springfield Area,MO,Southern_MO,https://www.cars.com/shopping/results/?makes[]=gmc&models[]=yukon
2026-05-21,1GMKCSK20241R1098,vin_GM_YU_2024_70720_36807,2024,gmc,yukon xl,AT4,V8 Engine,70720,36807,Springfield Area,MO,Southern_MO,https://www.cars.com/shopping/results/?makes[]=gmc&models[]=yukon xl
2026-05-21,1FOKCSK20241R1098,vin_FO_EX_2024_50620_42807,2024,ford,expedition,XLT,EcoBoost V6,50620,42807,Springfield Area,MO,Southern_MO,https://www.cars.com/shopping/results/?makes[]=ford&models[]=expedition
2026-05-21,1FOKCSK20241R1098,vin_FO_EX_2024_54320_46807,2024,ford,expedition max,Limited,EcoBoost V6,54320,46807,Springfield Area,MO,Southern_MO,https://www.cars.com/shopping/results/?makes[]=ford&models[]=expedition max
2026-05-21,1CHKCSK20252R1098,vin_CH_TA_2025_62683_35257,2025,chevrolet,tahoe,High Country,V8 Engine,62683,35257,Little Rock Area,AR,Central_North_AR,https://www.cars.com/shopping/results/?makes[]=chevrolet&models[]=tahoe
2026-05-21,1CHKCSK20252R1098,vin_CH_SU_2025_65983_39257,2025,chevrolet,suburban,Premier,V8 Engine,65983,39257,Little Rock Area,AR,Central_North_AR,https://www.cars.com/shopping/results/?makes[]=chevrolet&models[]=suburban
2026-05-21,1GMKCSK20252R1098,vin_GM_YU_2025_66383_33257,2025,gmc,yukon,Denali,V8 Engine,66383,33257,Little Rock Area,AR,Central_North_AR,https://www.cars.com/shopping/results/?makes[]=gmc&models[]=yukon
2026-05-21,1GMKCSK20252R1098,vin_GM_YU_2025_70683_37257,2025,gmc,yukon xl,Denali Ultimate,V8 Engine,70683,37257,Little Rock Area,AR,Central_North_AR,https://www.cars.com/shopping/results/?makes[]=gmc&models[]=yukon xl
2026-05-21,1FOKCSK20252R1098,vin_FO_EX_2025_50583_43257,2025,ford,expedition,King Ranch,EcoBoost V6,50583,43257,Little Rock Area,AR,Central_North_AR,https://www.cars.com/shopping/results/?makes[]=ford&models[]=expedition
2026-05-21,1FOKCSK20252R1098,vin_FO_EX_2025_54283_47257,2025,ford,expedition max,Platinum,EcoBoost V6,54283,47257,Little Rock Area,AR,Central_North_AR,https://www.cars.com/shopping/results/?makes[]=ford&models[]=expedition max
2026-05-21,1CHKCSK20263R1098,vin_CH_TA_2026_62646_35707,2026,chevrolet,tahoe,Z71,3.0L Duramax,62646,35707,Springfield Area,MO,Southern_MO,https://www.cars.com/shopping/results/?makes[]=chevrolet&models[]=tahoe
2026-05-21,1CHKCSK20263R1098,vin_CH_SU_2026_65946_39707,2026,chevrolet,suburban,LS,3.0L Duramax,65946,39707,Springfield Area,MO,Southern_MO,https://www.cars.com/shopping/results/?makes[]=chevrolet&models[]=suburban
2026-05-21,1GMKCSK20263R1098,vin_GM_YU_2026_66346_33707,2026,gmc,yukon,SLT,3.0L Duramax,66346,33707,Springfield Area,MO,Southern_MO,https://www.cars.com/shopping/results/?makes[]=gmc&models[]=yukon
2026-05-21,1GMKCSK20263R1098,vin_GM_YU_2026_70646_37707,2026,gmc,yukon xl,SLE,3.0L Duramax,70646,37707,Springfield Area,MO,Southern_MO,https://www.cars.com/shopping/results/?makes[]=gmc&models[]=yukon xl
2026-05-21,1FOKCSK20263R1098,vin_FO_EX_2026_50546_43707,2026,ford,expedition,Limited,EcoBoost V6,50546,43707,Springfield Area,MO,Southern_MO,https://www.cars.com/shopping/results/?makes[]=ford&models[]=expedition
2026-05-21,1FOKCSK20263R1098,vin_FO_EX_2026_54246_47707,2026,ford,expedition max,XLT,EcoBoost V6,54246,47707,Springfield Area,MO,Southern_MO,https://www.cars.com/shopping/results/?makes[]=ford&models[]=expedition max
2026-05-21,1CHKCSK20224R1098,vin_CH_TA_2022_62609_36157,2022,chevrolet,tahoe,LT,V8 Engine,62609,36157,Little Rock Area,AR,Central_North_AR,https://www.cars.com/shopping/results/?makes[]=chevrolet&models[]=tahoe
2026-05-21,1CHKCSK20224R1098,vin_CH_SU_2022_65909_40157,2022,chevrolet,suburban,LT,V8 Engine,65909,40157,Little Rock Area,AR,Central_North_AR,https://www.cars.com/shopping/results/?makes[]=chevrolet&models[]=suburban
2026-05-21,1GMKCSK20224R1098,vin_GM_YU_2022_66309_34157,2022,gmc,yukon,AT4,V8 Engine,66309,34157,Little Rock Area,AR,Central_North_AR,https://www.cars.com/shopping/results/?makes[]=gmc&models[]=yukon
2026-05-21,1GMKCSK20224R1098,vin_GM_YU_2022_70609_38157,2022,gmc,yukon xl,AT4,V8 Engine,70609,38157,Little Rock Area,AR,Central_North_AR,https://www.cars.com/shopping/results/?makes[]=gmc&models[]=yukon xl
2026-05-21,1FOKCSK20224R1098,vin_FO_EX_2022_50509_44157,2022,ford,expedition,XLT,EcoBoost V6,50509,44157,Little Rock Area,AR,Central_North_AR,https://www.cars.com/shopping/results/?makes[]=ford&models[]=expedition
2026-05-21,1FOKCSK20224R1098,vin_FO_EX_2022_54209_48157,2022,ford,expedition max,Limited,EcoBoost V6,54209,48157,Little Rock Area,AR,Central_North_AR,https://www.cars.com/shopping/results/?makes[]=ford&models[]=expedition max
2026-05-21,1CHKCSK20235R1098,vin_CH_TA_2023_62572_36607,2023,chevrolet,tahoe,High Country,V8 Engine,62572,36607,Springfield Area,MO,Southern_MO,https://www.cars.com/shopping/results/?makes[]=chevrolet&models[]=tahoe
2026-05-21,1CHKCSK20235R1098,vin_CH_SU_2023_65872_40607,2023,chevrolet,suburban,Premier,V8 Engine,65872,40607,Springfield Area,MO,Southern_MO,https://www.cars.com/shopping/results/?makes[]=chevrolet&models[]=suburban
2026-05-21,1GMKCSK20235R1098,vin_GM_YU_2023_66272_34607,2023,gmc,yukon,Denali,V8 Engine,66272,34607,Springfield Area,MO,Southern_MO,https://www.cars.com/shopping/results/?makes[]=gmc&models[]=yukon
2026-05-21,1GMKCSK20235R1098,vin_GM_YU_2023_70572_38607,2023,gmc,yukon xl,Denali Ultimate,V8 Engine,70572,38607,Springfield Area,MO,Southern_MO,https://www.cars.com/shopping/results/?makes[]=gmc&models[]=yukon xl
2026-05-21,1FOKCSK20235R1098,vin_FO_EX_2023_50472_44607,2023,ford,expedition,King Ranch,EcoBoost V6,50472,44607,Springfield Area,MO,Southern_MO,https://www.cars.com/shopping/results/?makes[]=ford&models[]=expedition
2026-05-21,1FOKCSK20235R1098,vin_FO_EX_2023_54172_48607,2023,ford,expedition max,Platinum,EcoBoost V6,54172,48607,Springfield Area,MO,Southern_MO,https://www.cars.com/shopping/results/?makes[]=ford&models[]=expedition max
2026-05-22,1CHKCSK20251R1098,vin_CH_TA_2025_62637_34824,2025,chevrolet,tahoe,LT,V8 Engine,62637,34824,Springfield Area,MO,Southern_MO,https://www.cars.com/shopping/results/?makes[]=chevrolet&models[]=tahoe
2026-05-22,1CHKCSK20251R1098,vin_CH_SU_2025_65937_38824,2025,chevrolet,suburban,LT,V8 Engine,65937,38824,Springfield Area,MO,Southern_MO,https://www.cars.com/shopping/results/?makes[]=chevrolet&models[]=suburban
2026-05-22,1GMKCSK20251R1098,vin_GM_YU_2025_66337_32824,2025,gmc,yukon,AT4,V8 Engine,66337,32824,Springfield Area,MO,Southern_MO,https://www.cars.com/shopping/results/?makes[]=gmc&models[]=yukon
2026-05-22,1GMKCSK20251R1098,vin_GM_YU_2025_70637_36824,2025,gmc,yukon xl,AT4,V8 Engine,70637,36824,Springfield Area,MO,Southern_MO,https://www.cars.com/shopping/results/?makes[]=gmc&models[]=yukon xl
2026-05-22,1FOKCSK20251R1098,vin_FO_EX_2025_50537_42824,2025,ford,expedition,XLT,EcoBoost V6,50537,42824,Springfield Area,MO,Southern_MO,https://www.cars.com/shopping/results/?makes[]=ford&models[]=expedition
2026-05-22,1FOKCSK20251R1098,vin_FO_EX_2025_54237_46824,2025,ford,expedition max,Limited,EcoBoost V6,54237,46824,Springfield Area,MO,Southern_MO,https://www.cars.com/shopping/results/?makes[]=ford&models[]=expedition max
2026-05-22,1CHKCSK20262R1098,vin_CH_TA_2026_62600_35274,2026,chevrolet,tahoe,High Country,V8 Engine,62600,35274,Little Rock Area,AR,Central_North_AR,https://www.cars.com/shopping/results/?makes[]=chevrolet&models[]=tahoe
2026-05-22,1CHKCSK20262R1098,vin_CH_SU_2026_65900_39274,2026,chevrolet,suburban,Premier,V8 Engine,65900,39274,Little Rock Area,AR,Central_North_AR,https://www.cars.com/shopping/results/?makes[]=chevrolet&models[]=suburban
2026-05-22,1GMKCSK20262R1098,vin_GM_YU_2026_66300_33274,2026,gmc,yukon,Denali,V8 Engine,66300,33274,Little Rock Area,AR,Central_North_AR,https://www.cars.com/shopping/results/?makes[]=gmc&models[]=yukon
2026-05-22,1GMKCSK20262R1098,vin_GM_YU_2026_70600_37274,2026,gmc,yukon xl,Denali Ultimate,V8 Engine,70600,37274,Little Rock Area,AR,Central_North_AR,https://www.cars.com/shopping/results/?makes[]=gmc&models[]=yukon xl
2026-05-22,1FOKCSK20262R1098,vin_FO_EX_2026_50500_43274,2026,ford,expedition,King Ranch,EcoBoost V6,50500,43274,Little Rock Area,AR,Central_North_AR,https://www.cars.com/shopping/results/?makes[]=ford&models[]=expedition
2026-05-22,1FOKCSK20262R1098,vin_FO_EX_2026_54200_47274,2026,ford,expedition max,Platinum,EcoBoost V6,54200,47274,Little Rock Area,AR,Central_North_AR,https://www.cars.com/shopping/results/?makes[]=ford&models[]=expedition max
2026-05-22,1CHKCSK20223R1098,vin_CH_TA_2022_62563_35724,2022,chevrolet,tahoe,Z71,3.0L Duramax,62563,35724,Springfield Area,MO,Southern_MO,https://www.cars.com/shopping/results/?makes[]=chevrolet&models[]=tahoe
2026-05-22,1CHKCSK20223R1098,vin_CH_SU_2022_65863_39724,2022,chevrolet,suburban,LS,3.0L Duramax,65863,39724,Springfield Area,MO,Southern_MO,https://www.cars.com/shopping/results/?makes[]=chevrolet&models[]=suburban
2026-05-22,1GMKCSK20223R1098,vin_GM_YU_2022_66263_33724,2022,gmc,yukon,SLT,3.0L Duramax,66263,33724,Springfield Area,MO,Southern_MO,https://www.cars.com/shopping/results/?makes[]=gmc&models[]=yukon
2026-05-22,1GMKCSK20223R1098,vin_GM_YU_2022_70563_37724,2022,gmc,yukon xl,SLE,3.0L Duramax,70563,37724,Springfield Area,MO,Southern_MO,https://www.cars.com/shopping/results/?makes[]=gmc&models[]=yukon xl
2026-05-22,1FOKCSK20223R1098,vin_FO_EX_2022_50463_43724,2022,ford,expedition,Limited,EcoBoost V6,50463,43724,Springfield Area,MO,Southern_MO,https://www.cars.com/shopping/results/?makes[]=ford&models[]=expedition
2026-05-22,1FOKCSK20223R1098,vin_FO_EX_2022_54163_47724,2022,ford,expedition max,XLT,EcoBoost V6,54163,47724,Springfield Area,MO,Southern_MO,https://www.cars.com/shopping/results/?makes[]=ford&models[]=expedition max
2026-05-22,1CHKCSK20234R1098,vin_CH_TA_2023_62526_36174,2023,chevrolet,tahoe,LT,V8 Engine,62526,36174,Little Rock Area,AR,Central_North_AR,https://www.cars.com/shopping/results/?makes[]=chevrolet&models[]=tahoe
2026-05-22,1CHKCSK20234R1098,vin_CH_SU_2023_65826_40174,2023,chevrolet,suburban,LT,V8 Engine,65826,40174,Little Rock Area,AR,Central_North_AR,https://www.cars.com/shopping/results/?makes[]=chevrolet&models[]=suburban
2026-05-22,1GMKCSK20234R1098,vin_GM_YU_2023_66226_34174,2023,gmc,yukon,AT4,V8 Engine,66226,34174,Little Rock Area,AR,Central_North_AR,https://www.cars.com/shopping/results/?makes[]=gmc&models[]=yukon
2026-05-22,1GMKCSK20234R1098,vin_GM_YU_2023_70526_38174,2023,gmc,yukon xl,AT4,V8 Engine,70526,38174,Little Rock Area,AR,Central_North_AR,https://www.cars.com/shopping/results/?makes[]=gmc&models[]=yukon xl
2026-05-22,1FOKCSK20234R1098,vin_FO_EX_2023_50426_44174,2023,ford,expedition,XLT,EcoBoost V6,50426,44174,Little Rock Area,AR,Central_North_AR,https://www.cars.com/shopping/results/?makes[]=ford&models[]=expedition
2026-05-22,1FOKCSK20234R1098,vin_FO_EX_2023_54126_48174,2023,ford,expedition max,Limited,EcoBoost V6,54126,48174,Little Rock Area,AR,Central_North_AR,https://www.cars.com/shopping/results/?makes[]=ford&models[]=expedition max
2026-05-22,1CHKCSK20245R1098,vin_CH_TA_2024_62489_36624,2024,chevrolet,tahoe,High Country,V8 Engine,62489,36624,Springfield Area,MO,Southern_MO,https://www.cars.com/shopping/results/?makes[]=chevrolet&models[]=tahoe
2026-05-22,1CHKCSK20245R1098,vin_CH_SU_2024_65789_40624,2024,chevrolet,suburban,Premier,V8 Engine,65789,40624,Springfield Area,MO,Southern_MO,https://www.cars.com/shopping/results/?makes[]=chevrolet&models[]=suburban
2026-05-22,1GMKCSK20245R1098,vin_GM_YU_2024_66189_34624,2024,gmc,yukon,Denali,V8 Engine,66189,34624,Springfield Area,MO,Southern_MO,https://www.cars.com/shopping/results/?makes[]=gmc&models[]=yukon
2026-05-22,1GMKCSK20245R1098,vin_GM_YU_2024_70489_38624,2024,gmc,yukon xl,Denali Ultimate,V8 Engine,70489,38624,Springfield Area,MO,Southern_MO,https://www.cars.com/shopping/results/?makes[]=gmc&models[]=yukon xl
2026-05-22,1FOKCSK20245R1098,vin_FO_EX_2024_50389_44624,2024,ford,expedition,King Ranch,EcoBoost V6,50389,44624,Springfield Area,MO,Southern_MO,https://www.cars.com/shopping/results/?makes[]=ford&models[]=expedition
2026-05-22,1FOKCSK20245R1098,vin_FO_EX_2024_54089_48624,2024,ford,expedition max,Platinum,EcoBoost V6,54089,48624,Springfield Area,MO,Southern_MO,https://www.cars.com/shopping/results/?makes[]=ford&models[]=expedition max
2026-05-23,1CHKCSK20261R1098,vin_CH_TA_2026_62554_34841,2026,chevrolet,tahoe,LT,V8 Engine,62554,34841,Springfield Area,MO,Southern_MO,https://www.cars.com/shopping/results/?makes[]=chevrolet&models[]=tahoe
2026-05-23,1CHKCSK20261R1098,vin_CH_SU_2026_65854_38841,2026,chevrolet,suburban,LT,V8 Engine,65854,38841,Springfield Area,MO,Southern_MO,https://www.cars.com/shopping/results/?makes[]=chevrolet&models[]=suburban
2026-05-23,1GMKCSK20261R1098,vin_GM_YU_2026_66254_32841,2026,gmc,yukon,AT4,V8 Engine,66254,32841,Springfield Area,MO,Southern_MO,https://www.cars.com/shopping/results/?makes[]=gmc&models[]=yukon
2026-05-23,1GMKCSK20261R1098,vin_GM_YU_2026_70554_36841,2026,gmc,yukon xl,AT4,V8 Engine,70554,36841,Springfield Area,MO,Southern_MO,https://www.cars.com/shopping/results/?makes[]=gmc&models[]=yukon xl
2026-05-23,1FOKCSK20261R1098,vin_FO_EX_2026_50454_42841,2026,ford,expedition,XLT,EcoBoost V6,50454,42841,Springfield Area,MO,Southern_MO,https://www.cars.com/shopping/results/?makes[]=ford&models[]=expedition
2026-05-23,1FOKCSK20261R1098,vin_FO_EX_2026_54154_46841,2026,ford,expedition max,Limited,EcoBoost V6,54154,46841,Springfield Area,MO,Southern_MO,https://www.cars.com/shopping/results/?makes[]=ford&models[]=expedition max
2026-05-23,1CHKCSK20222R1098,vin_CH_TA_2022_62517_35291,2022,chevrolet,tahoe,High Country,V8 Engine,62517,35291,Little Rock Area,AR,Central_North_AR,https://www.cars.com/shopping/results/?makes[]=chevrolet&models[]=tahoe
2026-05-23,1CHKCSK20222R1098,vin_CH_SU_2022_65817_39291,2022,chevrolet,suburban,Premier,V8 Engine,65817,39291,Little Rock Area,AR,Central_North_AR,https://www.cars.com/shopping/results/?makes[]=chevrolet&models[]=suburban
2026-05-23,1GMKCSK20222R1098,vin_GM_YU_2022_66217_33291,2022,gmc,yukon,Denali,V8 Engine,66217,33291,Little Rock Area,AR,Central_North_AR,https://www.cars.com/shopping/results/?makes[]=gmc&models[]=yukon
2026-05-23,1GMKCSK20222R1098,vin_GM_YU_2022_70517_37291,2022,gmc,yukon xl,Denali Ultimate,V8 Engine,70517,37291,Little Rock Area,AR,Central_North_AR,https://www.cars.com/shopping/results/?makes[]=gmc&models[]=yukon xl
2026-05-23,1FOKCSK20222R1098,vin_FO_EX_2022_50417_43291,2022,ford,expedition,King Ranch,EcoBoost V6,50417,43291,Little Rock Area,AR,Central_North_AR,https://www.cars.com/shopping/results/?makes[]=ford&models[]=expedition
2026-05-23,1FOKCSK20222R1098,vin_FO_EX_2022_54117_47291,2022,ford,expedition max,Platinum,EcoBoost V6,54117,47291,Little Rock Area,AR,Central_North_AR,https://www.cars.com/shopping/results/?makes[]=ford&models[]=expedition max
2026-05-23,1CHKCSK20233R1098,vin_CH_TA_2023_62480_35741,2023,chevrolet,tahoe,Z71,3.0L Duramax,62480,35741,Springfield Area,MO,Southern_MO,https://www.cars.com/shopping/results/?makes[]=chevrolet&models[]=tahoe
2026-05-23,1CHKCSK20233R1098,vin_CH_SU_2023_65780_39741,2023,chevrolet,suburban,LS,3.0L Duramax,65780,39741,Springfield Area,MO,Southern_MO,https://www.cars.com/shopping/results/?makes[]=chevrolet&models[]=suburban
2026-05-23,1GMKCSK20233R1098,vin_GM_YU_2023_66180_33741,2023,gmc,yukon,SLT,3.0L Duramax,66180,33741,Springfield Area,MO,Southern_MO,https://www.cars.com/shopping/results/?makes[]=gmc&models[]=yukon
2026-05-23,1GMKCSK20233R1098,vin_GM_YU_2023_70480_37741,2023,gmc,yukon xl,SLE,3.0L Duramax,70480,37741,Springfield Area,MO,Southern_MO,https://www.cars.com/shopping/results/?makes[]=gmc&models[]=yukon xl
2026-05-23,1FOKCSK20233R1098,vin_FO_EX_2023_50380_43741,2023,ford,expedition,Limited,EcoBoost V6,50380,43741,Springfield Area,MO,Southern_MO,https://www.cars.com/shopping/results/?makes[]=ford&models[]=expedition
2026-05-23,1FOKCSK20233R1098,vin_FO_EX_2023_54080_47741,2023,ford,expedition max,XLT,EcoBoost V6,54080,47741,Springfield Area,MO,Southern_MO,https://www.cars.com/shopping/results/?makes[]=ford&models[]=expedition max
2026-05-23,1CHKCSK20244R1098,vin_CH_TA_2024_62443_36191,2024,chevrolet,tahoe,LT,V8 Engine,62443,36191,Little Rock Area,AR,Central_North_AR,https://www.cars.com/shopping/results/?makes[]=chevrolet&models[]=tahoe
2026-05-23,1CHKCSK20244R1098,vin_CH_SU_2024_65743_40191,2024,chevrolet,suburban,LT,V8 Engine,65743,40191,Little Rock Area,AR,Central_North_AR,https://www.cars.com/shopping/results/?makes[]=chevrolet&models[]=suburban
2026-05-23,1GMKCSK20244R1098,vin_GM_YU_2024_66143_34191,2024,gmc,yukon,AT4,V8 Engine,66143,34191,Little Rock Area,AR,Central_North_AR,https://www.cars.com/shopping/results/?makes[]=gmc&models[]=yukon
2026-05-23,1GMKCSK20244R1098,vin_GM_YU_2024_70443_38191,2024,gmc,yukon xl,AT4,V8 Engine,70443,38191,Little Rock Area,AR,Central_North_AR,https://www.cars.com/shopping/results/?makes[]=gmc&models[]=yukon xl
2026-05-23,1FOKCSK20244R1098,vin_FO_EX_2024_50343_44191,2024,ford,expedition,XLT,EcoBoost V6,50343,44191,Little Rock Area,AR,Central_North_AR,https://www.cars.com/shopping/results/?makes[]=ford&models[]=expedition
2026-05-23,1FOKCSK20244R1098,vin_FO_EX_2024_54043_48191,2024,ford,expedition max,Limited,EcoBoost V6,54043,48191,Little Rock Area,AR,Central_North_AR,https://www.cars.com/shopping/results/?makes[]=ford&models[]=expedition max
2026-05-23,1CHKCSK20255R1098,vin_CH_TA_2025_62406_36641,2025,chevrolet,tahoe,High Country,V8 Engine,62406,36641,Springfield Area,MO,Southern_MO,https://www.cars.com/shopping/results/?makes[]=chevrolet&models[]=tahoe
2026-05-23,1CHKCSK20255R1098,vin_CH_SU_2025_65706_40641,2025,chevrolet,suburban,Premier,V8 Engine,65706,40641,Springfield Area,MO,Southern_MO,https://www.cars.com/shopping/results/?makes[]=chevrolet&models[]=suburban
2026-05-23,1GMKCSK20255R1098,vin_GM_YU_2025_66106_34641,2025,gmc,yukon,Denali,V8 Engine,66106,34641,Springfield Area,MO,Southern_MO,https://www.cars.com/shopping/results/?makes[]=gmc&models[]=yukon
2026-05-23,1GMKCSK20255R1098,vin_GM_YU_2025_70406_38641,2025,gmc,yukon xl,Denali Ultimate,V8 Engine,70406,38641,Springfield Area,MO,Southern_MO,https://www.cars.com/shopping/results/?makes[]=gmc&models[]=yukon xl
2026-05-23,1FOKCSK20255R1098,vin_FO_EX_2025_50306_44641,2025,ford,expedition,King Ranch,EcoBoost V6,50306,44641,Springfield Area,MO,Southern_MO,https://www.cars.com/shopping/results/?makes[]=ford&models[]=expedition
2026-05-23,1FOKCSK20255R1098,vin_FO_EX_2025_54006_48641,2025,ford,expedition max,Platinum,EcoBoost V6,54006,48641,Springfield Area,MO,Southern_MO,https://www.cars.com/shopping/results/?makes[]=ford&models[]=expedition max
2026-05-24,1CHKCSK20221R1098,vin_CH_TA_2022_62471_34858,2022,chevrolet,tahoe,LT,V8 Engine,62471,34858,Springfield Area,MO,Southern_MO,https://www.cars.com/shopping/results/?makes[]=chevrolet&models[]=tahoe
2026-05-24,1CHKCSK20221R1098,vin_CH_SU_2022_65771_38858,2022,chevrolet,suburban,LT,V8 Engine,65771,38858,Springfield Area,MO,Southern_MO,https://www.cars.com/shopping/results/?makes[]=chevrolet&models[]=suburban
2026-05-24,1GMKCSK20221R1098,vin_GM_YU_2022_66171_32858,2022,gmc,yukon,AT4,V8 Engine,66171,32858,Springfield Area,MO,Southern_MO,https://www.cars.com/shopping/results/?makes[]=gmc&models[]=yukon
2026-05-24,1GMKCSK20221R1098,vin_GM_YU_2022_70471_36858,2022,gmc,yukon xl,AT4,V8 Engine,70471,36858,Springfield Area,MO,Southern_MO,https://www.cars.com/shopping/results/?makes[]=gmc&models[]=yukon xl
2026-05-24,1FOKCSK20221R1098,vin_FO_EX_2022_50371_42858,2022,ford,expedition,XLT,EcoBoost V6,50371,42858,Springfield Area,MO,Southern_MO,https://www.cars.com/shopping/results/?makes[]=ford&models[]=expedition
2026-05-24,1FOKCSK20221R1098,vin_FO_EX_2022_54071_46858,2022,ford,expedition max,Limited,EcoBoost V6,54071,46858,Springfield Area,MO,Southern_MO,https://www.cars.com/shopping/results/?makes[]=ford&models[]=expedition max
2026-05-24,1CHKCSK20232R1098,vin_CH_TA_2023_62434_35308,2023,chevrolet,tahoe,High Country,V8 Engine,62434,35308,Little Rock Area,AR,Central_North_AR,https://www.cars.com/shopping/results/?makes[]=chevrolet&models[]=tahoe
2026-05-24,1CHKCSK20232R1098,vin_CH_SU_2023_65734_39308,2023,chevrolet,suburban,Premier,V8 Engine,65734,39308,Little Rock Area,AR,Central_North_AR,https://www.cars.com/shopping/results/?makes[]=chevrolet&models[]=suburban
2026-05-24,1GMKCSK20232R1098,vin_GM_YU_2023_66134_33308,2023,gmc,yukon,Denali,V8 Engine,66134,33308,Little Rock Area,AR,Central_North_AR,https://www.cars.com/shopping/results/?makes[]=gmc&models[]=yukon
2026-05-24,1GMKCSK20232R1098,vin_GM_YU_2023_70434_37308,2023,gmc,yukon xl,Denali Ultimate,V8 Engine,70434,37308,Little Rock Area,AR,Central_North_AR,https://www.cars.com/shopping/results/?makes[]=gmc&models[]=yukon xl
2026-05-24,1FOKCSK20232R1098,vin_FO_EX_2023_50334_43308,2023,ford,expedition,King Ranch,EcoBoost V6,50334,43308,Little Rock Area,AR,Central_North_AR,https://www.cars.com/shopping/results/?makes[]=ford&models[]=expedition
2026-05-24,1FOKCSK20232R1098,vin_FO_EX_2023_54034_47308,2023,ford,expedition max,Platinum,EcoBoost V6,54034,47308,Little Rock Area,AR,Central_North_AR,https://www.cars.com/shopping/results/?makes[]=ford&models[]=expedition max
2026-05-24,1CHKCSK20243R1098,vin_CH_TA_2024_62397_35758,2024,chevrolet,tahoe,Z71,3.0L Duramax,62397,35758,Springfield Area,MO,Southern_MO,https://www.cars.com/shopping/results/?makes[]=chevrolet&models[]=tahoe
2026-05-24,1CHKCSK20243R1098,vin_CH_SU_2024_65697_39758,2024,chevrolet,suburban,LS,3.0L Duramax,65697,39758,Springfield Area,MO,Southern_MO,https://www.cars.com/shopping/results/?makes[]=chevrolet&models[]=suburban
2026-05-24,1GMKCSK20243R1098,vin_GM_YU_2024_66097_33758,2024,gmc,yukon,SLT,3.0L Duramax,66097,33758,Springfield Area,MO,Southern_MO,https://www.cars.com/shopping/results/?makes[]=gmc&models[]=yukon
2026-05-24,1GMKCSK20243R1098,vin_GM_YU_2024_70397_37758,2024,gmc,yukon xl,SLE,3.0L Duramax,70397,37758,Springfield Area,MO,Southern_MO,https://www.cars.com/shopping/results/?makes[]=gmc&models[]=yukon xl
2026-05-24,1FOKCSK20243R1098,vin_FO_EX_2024_50297_43758,2024,ford,expedition,Limited,EcoBoost V6,50297,43758,Springfield Area,MO,Southern_MO,https://www.cars.com/shopping/results/?makes[]=ford&models[]=expedition
2026-05-24,1FOKCSK20243R1098,vin_FO_EX_2024_53997_47758,2024,ford,expedition max,XLT,EcoBoost V6,53997,47758,Springfield Area,MO,Southern_MO,https://www.cars.com/shopping/results/?makes[]=ford&models[]=expedition max
2026-05-24,1CHKCSK20254R1098,vin_CH_TA_2025_62360_36208,2025,chevrolet,tahoe,LT,V8 Engine,62360,36208,Little Rock Area,AR,Central_North_AR,https://www.cars.com/shopping/results/?makes[]=chevrolet&models[]=tahoe
2026-05-24,1CHKCSK20254R1098,vin_CH_SU_2025_65660_40208,2025,chevrolet,suburban,LT,V8 Engine,65660,40208,Little Rock Area,AR,Central_North_AR,https://www.cars.com/shopping/results/?makes[]=chevrolet&models[]=suburban
2026-05-24,1GMKCSK20254R1098,vin_GM_YU_2025_66060_34208,2025,gmc,yukon,AT4,V8 Engine,66060,34208,Little Rock Area,AR,Central_North_AR,https://www.cars.com/shopping/results/?makes[]=gmc&models[]=yukon
2026-05-24,1GMKCSK20254R1098,vin_GM_YU_2025_70360_38208,2025,gmc,yukon xl,AT4,V8 Engine,70360,38208,Little Rock Area,AR,Central_North_AR,https://www.cars.com/shopping/results/?makes[]=gmc&models[]=yukon xl
2026-05-24,1FOKCSK20254R1098,vin_FO_EX_2025_50260_44208,2025,ford,expedition,XLT,EcoBoost V6,50260,44208,Little Rock Area,AR,Central_North_AR,https://www.cars.com/shopping/results/?makes[]=ford&models[]=expedition
2026-05-24,1FOKCSK20254R1098,vin_FO_EX_2025_53960_48208,2025,ford,expedition max,Limited,EcoBoost V6,53960,48208,Little Rock Area,AR,Central_North_AR,https://www.cars.com/shopping/results/?makes[]=ford&models[]=expedition max
2026-05-24,1CHKCSK20265R1098,vin_CH_TA_2026_62323_36658,2026,chevrolet,tahoe,High Country,V8 Engine,62323,36658,Springfield Area,MO,Southern_MO,https://www.cars.com/shopping/results/?makes[]=chevrolet&models[]=tahoe
2026-05-24,1CHKCSK20265R1098,vin_CH_SU_2026_65623_40658,2026,chevrolet,suburban,Premier,V8 Engine,65623,40658,Springfield Area,MO,Southern_MO,https://www.cars.com/shopping/results/?makes[]=chevrolet&models[]=suburban
2026-05-24,1GMKCSK20265R1098,vin_GM_YU_2026_66023_34658,2026,gmc,yukon,Denali,V8 Engine,66023,34658,Springfield Area,MO,Southern_MO,https://www.cars.com/shopping/results/?makes[]=gmc&models[]=yukon
2026-05-24,1GMKCSK20265R1098,vin_GM_YU_2026_70323_38658,2026,gmc,yukon xl,Denali Ultimate,V8 Engine,70323,38658,Springfield Area,MO,Southern_MO,https://www.cars.com/shopping/results/?makes[]=gmc&models[]=yukon xl
2026-05-24,1FOKCSK20265R1098,vin_FO_EX_2026_50223_44658,2026,ford,expedition,King Ranch,EcoBoost V6,50223,44658,Springfield Area,MO,Southern_MO,https://www.cars.com/shopping/results/?makes[]=ford&models[]=expedition
2026-05-24,1FOKCSK20265R1098,vin_FO_EX_2026_53923_48658,2026,ford,expedition max,Platinum,EcoBoost V6,53923,48658,Springfield Area,MO,Southern_MO,https://www.cars.com/shopping/results/?makes[]=ford&models[]=expedition max
2026-05-25,1CHKCSK20231R1098,vin_CH_TA_2023_62388_34875,2023,chevrolet,tahoe,LT,V8 Engine,62388,34875,Springfield Area,MO,Southern_MO,https://www.cars.com/shopping/results/?makes[]=chevrolet&models[]=tahoe
2026-05-25,1CHKCSK20231R1098,vin_CH_SU_2023_65688_38875,2023,chevrolet,suburban,LT,V8 Engine,65688,38875,Springfield Area,MO,Southern_MO,https://www.cars.com/shopping/results/?makes[]=chevrolet&models[]=suburban
2026-05-25,1GMKCSK20231R1098,vin_GM_YU_2023_66088_32875,2023,gmc,yukon,AT4,V8 Engine,66088,32875,Springfield Area,MO,Southern_MO,https://www.cars.com/shopping/results/?makes[]=gmc&models[]=yukon
2026-05-25,1GMKCSK20231R1098,vin_GM_YU_2023_70388_36875,2023,gmc,yukon xl,AT4,V8 Engine,70388,36875,Springfield Area,MO,Southern_MO,https://www.cars.com/shopping/results/?makes[]=gmc&models[]=yukon xl
2026-05-25,1FOKCSK20231R1098,vin_FO_EX_2023_50288_42875,2023,ford,expedition,XLT,EcoBoost V6,50288,42875,Springfield Area,MO,Southern_MO,https://www.cars.com/shopping/results/?makes[]=ford&models[]=expedition
2026-05-25,1FOKCSK20231R1098,vin_FO_EX_2023_53988_46875,2023,ford,expedition max,Limited,EcoBoost V6,53988,46875,Springfield Area,MO,Southern_MO,https://www.cars.com/shopping/results/?makes[]=ford&models[]=expedition max
2026-05-25,1CHKCSK20242R1098,vin_CH_TA_2024_62351_35325,2024,chevrolet,tahoe,High Country,V8 Engine,62351,35325,Little Rock Area,AR,Central_North_AR,https://www.cars.com/shopping/results/?makes[]=chevrolet&models[]=tahoe
2026-05-25,1CHKCSK20242R1098,vin_CH_SU_2024_65651_39325,2024,chevrolet,suburban,Premier,V8 Engine,65651,39325,Little Rock Area,AR,Central_North_AR,https://www.cars.com/shopping/results/?makes[]=chevrolet&models[]=suburban
2026-05-25,1GMKCSK20242R1098,vin_GM_YU_2024_66051_33325,2024,gmc,yukon,Denali,V8 Engine,66051,33325,Little Rock Area,AR,Central_North_AR,https://www.cars.com/shopping/results/?makes[]=gmc&models[]=yukon
2026-05-25,1GMKCSK20242R1098,vin_GM_YU_2024_70351_37325,2024,gmc,yukon xl,Denali Ultimate,V8 Engine,70351,37325,Little Rock Area,AR,Central_North_AR,https://www.cars.com/shopping/results/?makes[]=gmc&models[]=yukon xl
2026-05-25,1FOKCSK20242R1098,vin_FO_EX_2024_50251_43325,2024,ford,expedition,King Ranch,EcoBoost V6,50251,43325,Little Rock Area,AR,Central_North_AR,https://www.cars.com/shopping/results/?makes[]=ford&models[]=expedition
2026-05-25,1FOKCSK20242R1098,vin_FO_EX_2024_53951_47325,2024,ford,expedition max,Platinum,EcoBoost V6,53951,47325,Little Rock Area,AR,Central_North_AR,https://www.cars.com/shopping/results/?makes[]=ford&models[]=expedition max
2026-05-25,1CHKCSK20253R1098,vin_CH_TA_2025_62314_35775,2025,chevrolet,tahoe,Z71,3.0L Duramax,62314,35775,Springfield Area,MO,Southern_MO,https://www.cars.com/shopping/results/?makes[]=chevrolet&models[]=tahoe
2026-05-25,1CHKCSK20253R1098,vin_CH_SU_2025_65614_39775,2025,chevrolet,suburban,LS,3.0L Duramax,65614,39775,Springfield Area,MO,Southern_MO,https://www.cars.com/shopping/results/?makes[]=chevrolet&models[]=suburban
2026-05-25,1GMKCSK20253R1098,vin_GM_YU_2025_66014_33775,2025,gmc,yukon,SLT,3.0L Duramax,66014,33775,Springfield Area,MO,Southern_MO,https://www.cars.com/shopping/results/?makes[]=gmc&models[]=yukon
2026-05-25,1GMKCSK20253R1098,vin_GM_YU_2025_70314_37775,2025,gmc,yukon xl,SLE,3.0L Duramax,70314,37775,Springfield Area,MO,Southern_MO,https://www.cars.com/shopping/results/?makes[]=gmc&models[]=yukon xl
2026-05-25,1FOKCSK20253R1098,vin_FO_EX_2025_50214_43775,2025,ford,expedition,Limited,EcoBoost V6,50214,43775,Springfield Area,MO,Southern_MO,https://www.cars.com/shopping/results/?makes[]=ford&models[]=expedition
2026-05-25,1FOKCSK20253R1098,vin_FO_EX_2025_53914_47775,2025,ford,expedition max,XLT,EcoBoost V6,53914,47775,Springfield Area,MO,Southern_MO,https://www.cars.com/shopping/results/?makes[]=ford&models[]=expedition max
2026-05-25,1CHKCSK20264R1098,vin_CH_TA_2026_62277_36225,2026,chevrolet,tahoe,LT,V8 Engine,62277,36225,Little Rock Area,AR,Central_North_AR,https://www.cars.com/shopping/results/?makes[]=chevrolet&models[]=tahoe
2026-05-25,1CHKCSK20264R1098,vin_CH_SU_2026_65577_40225,2026,chevrolet,suburban,LT,V8 Engine,65577,40225,Little Rock Area,AR,Central_North_AR,https://www.cars.com/shopping/results/?makes[]=chevrolet&models[]=suburban
2026-05-25,1GMKCSK20264R1098,vin_GM_YU_2026_65977_34225,2026,gmc,yukon,AT4,V8 Engine,65977,34225,Little Rock Area,AR,Central_North_AR,https://www.cars.com/shopping/results/?makes[]=gmc&models[]=yukon
2026-05-25,1GMKCSK20264R1098,vin_GM_YU_2026_70277_38225,2026,gmc,yukon xl,AT4,V8 Engine,70277,38225,Little Rock Area,AR,Central_North_AR,https://www.cars.com/shopping/results/?makes[]=gmc&models[]=yukon xl
2026-05-25,1FOKCSK20264R1098,vin_FO_EX_2026_50177_44225,2026,ford,expedition,XLT,EcoBoost V6,50177,44225,Little Rock Area,AR,Central_North_AR,https://www.cars.com/shopping/results/?makes[]=ford&models[]=expedition
2026-05-25,1FOKCSK20264R1098,vin_FO_EX_2026_53877_48225,2026,ford,expedition max,Limited,EcoBoost V6,53877,48225,Little Rock Area,AR,Central_North_AR,https://www.cars.com/shopping/results/?makes[]=ford&models[]=expedition max
2026-05-25,1CHKCSK20225R1098,vin_CH_TA_2022_62240_36675,2022,chevrolet,tahoe,High Country,V8 Engine,62240,36675,Springfield Area,MO,Southern_MO,https://www.cars.com/shopping/results/?makes[]=chevrolet&models[]=tahoe
2026-05-25,1CHKCSK20225R1098,vin_CH_SU_2022_65540_40675,2022,chevrolet,suburban,Premier,V8 Engine,65540,40675,Springfield Area,MO,Southern_MO,https://www.cars.com/shopping/results/?makes[]=chevrolet&models[]=suburban
2026-05-25,1GMKCSK20225R1098,vin_GM_YU_2022_65940_34675,2022,gmc,yukon,Denali,V8 Engine,65940,34675,Springfield Area,MO,Southern_MO,https://www.cars.com/shopping/results/?makes[]=gmc&models[]=yukon
2026-05-25,1GMKCSK20225R1098,vin_GM_YU_2022_70240_38675,2022,gmc,yukon xl,Denali Ultimate,V8 Engine,70240,38675,Springfield Area,MO,Southern_MO,https://www.cars.com/shopping/results/?makes[]=gmc&models[]=yukon xl
2026-05-25,1FOKCSK20225R1098,vin_FO_EX_2022_50140_44675,2022,ford,expedition,King Ranch,EcoBoost V6,50140,44675,Springfield Area,MO,Southern_MO,https://www.cars.com/shopping/results/?makes[]=ford&models[]=expedition
2026-05-25,1FOKCSK20225R1098,vin_FO_EX_2022_53840_48675,2022,ford,expedition max,Platinum,EcoBoost V6,53840,48675,Springfield Area,MO,Southern_MO,https://www.cars.com/shopping/results/?makes[]=ford&models[]=expedition max
2026-05-26,1CHKCSK20241R1098,vin_CH_TA_2024_62305_34892,2024,chevrolet,tahoe,LT,V8 Engine,62305,34892,Springfield Area,MO,Southern_MO,https://www.cars.com/shopping/results/?makes[]=chevrolet&models[]=tahoe
2026-05-26,1CHKCSK20241R1098,vin_CH_SU_2024_65605_38892,2024,chevrolet,suburban,LT,V8 Engine,65605,38892,Springfield Area,MO,Southern_MO,https://www.cars.com/shopping/results/?makes[]=chevrolet&models[]=suburban
2026-05-26,1GMKCSK20241R1098,vin_GM_YU_2024_66005_32892,2024,gmc,yukon,AT4,V8 Engine,66005,32892,Springfield Area,MO,Southern_MO,https://www.cars.com/shopping/results/?makes[]=gmc&models[]=yukon
2026-05-26,1GMKCSK20241R1098,vin_GM_YU_2024_70305_36892,2024,gmc,yukon xl,AT4,V8 Engine,70305,36892,Springfield Area,MO,Southern_MO,https://www.cars.com/shopping/results/?makes[]=gmc&models[]=yukon xl
2026-05-26,1FOKCSK20241R1098,vin_FO_EX_2024_50205_42892,2024,ford,expedition,XLT,EcoBoost V6,50205,42892,Springfield Area,MO,Southern_MO,https://www.cars.com/shopping/results/?makes[]=ford&models[]=expedition
2026-05-26,1FOKCSK20241R1098,vin_FO_EX_2024_53905_46892,2024,ford,expedition max,Limited,EcoBoost V6,53905,46892,Springfield Area,MO,Southern_MO,https://www.cars.com/shopping/results/?makes[]=ford&models[]=expedition max
2026-05-26,1CHKCSK20252R1098,vin_CH_TA_2025_62268_35342,2025,chevrolet,tahoe,High Country,V8 Engine,62268,35342,Little Rock Area,AR,Central_North_AR,https://www.cars.com/shopping/results/?makes[]=chevrolet&models[]=tahoe
2026-05-26,1CHKCSK20252R1098,vin_CH_SU_2025_65568_39342,2025,chevrolet,suburban,Premier,V8 Engine,65568,39342,Little Rock Area,AR,Central_North_AR,https://www.cars.com/shopping/results/?makes[]=chevrolet&models[]=suburban
2026-05-26,1GMKCSK20252R1098,vin_GM_YU_2025_65968_33342,2025,gmc,yukon,Denali,V8 Engine,65968,33342,Little Rock Area,AR,Central_North_AR,https://www.cars.com/shopping/results/?makes[]=gmc&models[]=yukon
2026-05-26,1GMKCSK20252R1098,vin_GM_YU_2025_70268_37342,2025,gmc,yukon xl,Denali Ultimate,V8 Engine,70268,37342,Little Rock Area,AR,Central_North_AR,https://www.cars.com/shopping/results/?makes[]=gmc&models[]=yukon xl
2026-05-26,1FOKCSK20252R1098,vin_FO_EX_2025_50168_43342,2025,ford,expedition,King Ranch,EcoBoost V6,50168,43342,Little Rock Area,AR,Central_North_AR,https://www.cars.com/shopping/results/?makes[]=ford&models[]=expedition
2026-05-26,1FOKCSK20252R1098,vin_FO_EX_2025_53868_47342,2025,ford,expedition max,Platinum,EcoBoost V6,53868,47342,Little Rock Area,AR,Central_North_AR,https://www.cars.com/shopping/results/?makes[]=ford&models[]=expedition max
2026-05-26,1CHKCSK20263R1098,vin_CH_TA_2026_62231_35792,2026,chevrolet,tahoe,Z71,3.0L Duramax,62231,35792,Springfield Area,MO,Southern_MO,https://www.cars.com/shopping/results/?makes[]=chevrolet&models[]=tahoe
2026-05-26,1CHKCSK20263R1098,vin_CH_SU_2026_65531_39792,2026,chevrolet,suburban,LS,3.0L Duramax,65531,39792,Springfield Area,MO,Southern_MO,https://www.cars.com/shopping/results/?makes[]=chevrolet&models[]=suburban
2026-05-26,1GMKCSK20263R1098,vin_GM_YU_2026_65931_33792,2026,gmc,yukon,SLT,3.0L Duramax,65931,33792,Springfield Area,MO,Southern_MO,https://www.cars.com/shopping/results/?makes[]=gmc&models[]=yukon
2026-05-26,1GMKCSK20263R1098,vin_GM_YU_2026_70231_37792,2026,gmc,yukon xl,SLE,3.0L Duramax,70231,37792,Springfield Area,MO,Southern_MO,https://www.cars.com/shopping/results/?makes[]=gmc&models[]=yukon xl
2026-05-26,1FOKCSK20263R1098,vin_FO_EX_2026_50131_43792,2026,ford,expedition,Limited,EcoBoost V6,50131,43792,Springfield Area,MO,Southern_MO,https://www.cars.com/shopping/results/?makes[]=ford&models[]=expedition
2026-05-26,1FOKCSK20263R1098,vin_FO_EX_2026_53831_47792,2026,ford,expedition max,XLT,EcoBoost V6,53831,47792,Springfield Area,MO,Southern_MO,https://www.cars.com/shopping/results/?makes[]=ford&models[]=expedition max
2026-05-26,1CHKCSK20224R1098,vin_CH_TA_2022_62194_36242,2022,chevrolet,tahoe,LT,V8 Engine,62194,36242,Little Rock Area,AR,Central_North_AR,https://www.cars.com/shopping/results/?makes[]=chevrolet&models[]=tahoe
2026-05-26,1CHKCSK20224R1098,vin_CH_SU_2022_65494_40242,2022,chevrolet,suburban,LT,V8 Engine,65494,40242,Little Rock Area,AR,Central_North_AR,https://www.cars.com/shopping/results/?makes[]=chevrolet&models[]=suburban
2026-05-26,1GMKCSK20224R1098,vin_GM_YU_2022_65894_34242,2022,gmc,yukon,AT4,V8 Engine,65894,34242,Little Rock Area,AR,Central_North_AR,https://www.cars.com/shopping/results/?makes[]=gmc&models[]=yukon
2026-05-26,1GMKCSK20224R1098,vin_GM_YU_2022_70194_38242,2022,gmc,yukon xl,AT4,V8 Engine,70194,38242,Little Rock Area,AR,Central_North_AR,https://www.cars.com/shopping/results/?makes[]=gmc&models[]=yukon xl
2026-05-26,1FOKCSK20224R1098,vin_FO_EX_2022_50094_44242,2022,ford,expedition,XLT,EcoBoost V6,50094,44242,Little Rock Area,AR,Central_North_AR,https://www.cars.com/shopping/results/?makes[]=ford&models[]=expedition
2026-05-26,1FOKCSK20224R1098,vin_FO_EX_2022_53794_48242,2022,ford,expedition max,Limited,EcoBoost V6,53794,48242,Little Rock Area,AR,Central_North_AR,https://www.cars.com/shopping/results/?makes[]=ford&models[]=expedition max
2026-05-26,1CHKCSK20235R1098,vin_CH_TA_2023_62157_36692,2023,chevrolet,tahoe,High Country,V8 Engine,62157,36692,Springfield Area,MO,Southern_MO,https://www.cars.com/shopping/results/?makes[]=chevrolet&models[]=tahoe
2026-05-26,1CHKCSK20235R1098,vin_CH_SU_2023_65457_40692,2023,chevrolet,suburban,Premier,V8 Engine,65457,40692,Springfield Area,MO,Southern_MO,https://www.cars.com/shopping/results/?makes[]=chevrolet&models[]=suburban
2026-05-26,1GMKCSK20235R1098,vin_GM_YU_2023_65857_34692,2023,gmc,yukon,Denali,V8 Engine,65857,34692,Springfield Area,MO,Southern_MO,https://www.cars.com/shopping/results/?makes[]=gmc&models[]=yukon
2026-05-26,1GMKCSK20235R1098,vin_GM_YU_2023_70157_38692,2023,gmc,yukon xl,Denali Ultimate,V8 Engine,70157,38692,Springfield Area,MO,Southern_MO,https://www.cars.com/shopping/results/?makes[]=gmc&models[]=yukon xl
2026-05-26,1FOKCSK20235R1098,vin_FO_EX_2023_50057_44692,2023,ford,expedition,King Ranch,EcoBoost V6,50057,44692,Springfield Area,MO,Southern_MO,https://www.cars.com/shopping/results/?makes[]=ford&models[]=expedition
2026-05-26,1FOKCSK20235R1098,vin_FO_EX_2023_53757_48692,2023,ford,expedition max,Platinum,EcoBoost V6,53757,48692,Springfield Area,MO,Southern_MO,https://www.cars.com/shopping/results/?makes[]=ford&models[]=expedition max
2026-05-27,1CHKCSK20251R1098,vin_CH_TA_2025_62222_34909,2025,chevrolet,tahoe,LT,V8 Engine,62222,34909,Springfield Area,MO,Southern_MO,https://www.cars.com/shopping/results/?makes[]=chevrolet&models[]=tahoe
2026-05-27,1CHKCSK20251R1098,vin_CH_SU_2025_65522_38909,2025,chevrolet,suburban,LT,V8 Engine,65522,38909,Springfield Area,MO,Southern_MO,https://www.cars.com/shopping/results/?makes[]=chevrolet&models[]=suburban
2026-05-27,1GMKCSK20251R1098,vin_GM_YU_2025_65922_32909,2025,gmc,yukon,AT4,V8 Engine,65922,32909,Springfield Area,MO,Southern_MO,https://www.cars.com/shopping/results/?makes[]=gmc&models[]=yukon
2026-05-27,1GMKCSK20251R1098,vin_GM_YU_2025_70222_36909,2025,gmc,yukon xl,AT4,V8 Engine,70222,36909,Springfield Area,MO,Southern_MO,https://www.cars.com/shopping/results/?makes[]=gmc&models[]=yukon xl
2026-05-27,1FOKCSK20251R1098,vin_FO_EX_2025_50122_42909,2025,ford,expedition,XLT,EcoBoost V6,50122,42909,Springfield Area,MO,Southern_MO,https://www.cars.com/shopping/results/?makes[]=ford&models[]=expedition
2026-05-27,1FOKCSK20251R1098,vin_FO_EX_2025_53822_46909,2025,ford,expedition max,Limited,EcoBoost V6,53822,46909,Springfield Area,MO,Southern_MO,https://www.cars.com/shopping/results/?makes[]=ford&models[]=expedition max
2026-05-27,1CHKCSK20262R1098,vin_CH_TA_2026_62185_35359,2026,chevrolet,tahoe,High Country,V8 Engine,62185,35359,Little Rock Area,AR,Central_North_AR,https://www.cars.com/shopping/results/?makes[]=chevrolet&models[]=tahoe
2026-05-27,1CHKCSK20262R1098,vin_CH_SU_2026_65485_39359,2026,chevrolet,suburban,Premier,V8 Engine,65485,39359,Little Rock Area,AR,Central_North_AR,https://www.cars.com/shopping/results/?makes[]=chevrolet&models[]=suburban
2026-05-27,1GMKCSK20262R1098,vin_GM_YU_2026_65885_33359,2026,gmc,yukon,Denali,V8 Engine,65885,33359,Little Rock Area,AR,Central_North_AR,https://www.cars.com/shopping/results/?makes[]=gmc&models[]=yukon
2026-05-27,1GMKCSK20262R1098,vin_GM_YU_2026_70185_37359,2026,gmc,yukon xl,Denali Ultimate,V8 Engine,70185,37359,Little Rock Area,AR,Central_North_AR,https://www.cars.com/shopping/results/?makes[]=gmc&models[]=yukon xl
2026-05-27,1FOKCSK20262R1098,vin_FO_EX_2026_50085_43359,2026,ford,expedition,King Ranch,EcoBoost V6,50085,43359,Little Rock Area,AR,Central_North_AR,https://www.cars.com/shopping/results/?makes[]=ford&models[]=expedition
2026-05-27,1FOKCSK20262R1098,vin_FO_EX_2026_53785_47359,2026,ford,expedition max,Platinum,EcoBoost V6,53785,47359,Little Rock Area,AR,Central_North_AR,https://www.cars.com/shopping/results/?makes[]=ford&models[]=expedition max
2026-05-27,1CHKCSK20223R1098,vin_CH_TA_2022_62148_35809,2022,chevrolet,tahoe,Z71,3.0L Duramax,62148,35809,Springfield Area,MO,Southern_MO,https://www.cars.com/shopping/results/?makes[]=chevrolet&models[]=tahoe
2026-05-27,1CHKCSK20223R1098,vin_CH_SU_2022_65448_39809,2022,chevrolet,suburban,LS,3.0L Duramax,65448,39809,Springfield Area,MO,Southern_MO,https://www.cars.com/shopping/results/?makes[]=chevrolet&models[]=suburban
2026-05-27,1GMKCSK20223R1098,vin_GM_YU_2022_65848_33809,2022,gmc,yukon,SLT,3.0L Duramax,65848,33809,Springfield Area,MO,Southern_MO,https://www.cars.com/shopping/results/?makes[]=gmc&models[]=yukon
2026-05-27,1GMKCSK20223R1098,vin_GM_YU_2022_70148_37809,2022,gmc,yukon xl,SLE,3.0L Duramax,70148,37809,Springfield Area,MO,Southern_MO,https://www.cars.com/shopping/results/?makes[]=gmc&models[]=yukon xl
2026-05-27,1FOKCSK20223R1098,vin_FO_EX_2022_50048_43809,2022,ford,expedition,Limited,EcoBoost V6,50048,43809,Springfield Area,MO,Southern_MO,https://www.cars.com/shopping/results/?makes[]=ford&models[]=expedition
2026-05-27,1FOKCSK20223R1098,vin_FO_EX_2022_53748_47809,2022,ford,expedition max,XLT,EcoBoost V6,53748,47809,Springfield Area,MO,Southern_MO,https://www.cars.com/shopping/results/?makes[]=ford&models[]=expedition max
2026-05-27,1CHKCSK20234R1098,vin_CH_TA_2023_62111_36259,2023,chevrolet,tahoe,LT,V8 Engine,62111,36259,Little Rock Area,AR,Central_North_AR,https://www.cars.com/shopping/results/?makes[]=chevrolet&models[]=tahoe
2026-05-27,1CHKCSK20234R1098,vin_CH_SU_2023_65411_40259,2023,chevrolet,suburban,LT,V8 Engine,65411,40259,Little Rock Area,AR,Central_North_AR,https://www.cars.com/shopping/results/?makes[]=chevrolet&models[]=suburban
2026-05-27,1GMKCSK20234R1098,vin_GM_YU_2023_65811_34259,2023,gmc,yukon,AT4,V8 Engine,65811,34259,Little Rock Area,AR,Central_North_AR,https://www.cars.com/shopping/results/?makes[]=gmc&models[]=yukon
2026-05-27,1GMKCSK20234R1098,vin_GM_YU_2023_70111_38259,2023,gmc,yukon xl,AT4,V8 Engine,70111,38259,Little Rock Area,AR,Central_North_AR,https://www.cars.com/shopping/results/?makes[]=gmc&models[]=yukon xl
2026-05-27,1FOKCSK20234R1098,vin_FO_EX_2023_50011_44259,2023,ford,expedition,XLT,EcoBoost V6,50011,44259,Little Rock Area,AR,Central_North_AR,https://www.cars.com/shopping/results/?makes[]=ford&models[]=expedition
2026-05-27,1FOKCSK20234R1098,vin_FO_EX_2023_53711_48259,2023,ford,expedition max,Limited,EcoBoost V6,53711,48259,Little Rock Area,AR,Central_North_AR,https://www.cars.com/shopping/results/?makes[]=ford&models[]=expedition max
2026-05-27,1CHKCSK20245R1098,vin_CH_TA_2024_62074_36709,2024,chevrolet,tahoe,High Country,V8 Engine,62074,36709,Springfield Area,MO,Southern_MO,https://www.cars.com/shopping/results/?makes[]=chevrolet&models[]=tahoe
2026-05-27,1CHKCSK20245R1098,vin_CH_SU_2024_65374_40709,2024,chevrolet,suburban,Premier,V8 Engine,65374,40709,Springfield Area,MO,Southern_MO,https://www.cars.com/shopping/results/?makes[]=chevrolet&models[]=suburban
2026-05-27,1GMKCSK20245R1098,vin_GM_YU_2024_65774_34709,2024,gmc,yukon,Denali,V8 Engine,65774,34709,Springfield Area,MO,Southern_MO,https://www.cars.com/shopping/results/?makes[]=gmc&models[]=yukon
2026-05-27,1GMKCSK20245R1098,vin_GM_YU_2024_70074_38709,2024,gmc,yukon xl,Denali Ultimate,V8 Engine,70074,38709,Springfield Area,MO,Southern_MO,https://www.cars.com/shopping/results/?makes[]=gmc&models[]=yukon xl
2026-05-27,1FOKCSK20245R1098,vin_FO_EX_2024_49974_44709,2024,ford,expedition,King Ranch,EcoBoost V6,49974,44709,Springfield Area,MO,Southern_MO,https://www.cars.com/shopping/results/?makes[]=ford&models[]=expedition
2026-05-27,1FOKCSK20245R1098,vin_FO_EX_2024_53674_48709,2024,ford,expedition max,Platinum,EcoBoost V6,53674,48709,Springfield Area,MO,Southern_MO,https://www.cars.com/shopping/results/?makes[]=ford&models[]=expedition max
